lstm_avg,sentiment_lstm_avg
0.0017193643143400082,0.003141284506105265
0.030138997506933714,0.04144415080260769
0.051973384518072284,0.08421718989349763
0.7076034915028483,0.5965007578001627
