lstm_avg,sentiment_lstm_avg
0.010256410445126238,0.003475331750217757
0.030057192968323466,0.04041951770583785
0.08172181431914893,0.08331694688811536
0.8222306481738896,0.6760721617517543
