lstm_avg,f_sentiment_lstm_avg,sentiment_lstm_avg
0.00020679091303249408,0.0022454075127218737,0.002290373436214038
0.010105787523431081,0.0346778407366129,0.03494109137294188
0.014444073256043955,0.06081641749122807,0.06226890653333334
0.94306142874101,0.6705862559950996,0.6748365019056275
